{"University of Dayton Arena, Dayton, Ohio": [39.735524549999994, -84.19983627368313], "Amica Mutual Pavilion, Providence, Rhode Island": [41.8236194, -71.41808956934392], "Rupp Arena, Lexington, Kentucky": [38.04941235, -84.50235856544629], "Intrust Bank Arena, Wichita, Kansas": [37.68338515, -97.33199856704725], "Ball Arena, Denver, Colorado": [39.748683799999995, -105.00754401780362], "Rocket Mortgage FieldHouse, Cleveland, Ohio": [41.4966862, -81.68857538921003], "Fiserv Forum, Milwaukee, Wisconsin": [43.04500955, -87.91748710581575], "PNC Arena, Raleigh, North Carolina": [35.80339805, -78.7219165859909], "Climate Pledge Arena, Seattle, Washington": [47.6219014, -122.353990491486], "Prudential Center, Newark, New Jersey": [40.7336045, -74.17106309834053], "State Farm Arena, Atlanta, Georgia": [33.7573698, -84.39638483503104], "Lucas Oil Stadium, Indianapolis, Indiana": [39.7590621, -86.16383761053042], "Chase Center, San Francisco, California": [37.7679001, -122.38742230282705], "Alamodome, San Antonio, Texas": [29.4168923, -98.47889487569296]}